name,image,count
haoyuan,https://avatars.githubusercontent.com/u/1200956?v=3,528
calvinjia,https://avatars.githubusercontent.com/u/2223813?v=3,458
apc999,https://avatars.githubusercontent.com/u/1413748?v=3,389
uronce-cc,https://avatars.githubusercontent.com/u/3663941?v=3,380
gpang,https://avatars.githubusercontent.com/u/429032?v=3,201
shimingfei,https://avatars.githubusercontent.com/u/2638130?v=3,175
hsaputra,https://avatars.githubusercontent.com/u/105434?v=3,129
dcapwell,https://avatars.githubusercontent.com/u/1852601?v=3,124
carsonwang,https://avatars.githubusercontent.com/u/9278199?v=3,84
RongGu,https://avatars.githubusercontent.com/u/2420697?v=3,79
rootfs,https://avatars.githubusercontent.com/u/7062400?v=3,66
manugoyal,https://avatars.githubusercontent.com/u/628968?v=3,58
rvesse,https://avatars.githubusercontent.com/u/2104864?v=3,56
ooq,https://avatars.githubusercontent.com/u/5876435?v=3,53
GraceH,https://avatars.githubusercontent.com/u/1960093?v=3,44
Du-Li,https://avatars.githubusercontent.com/u/5401849?v=3,39
Yours-shupeng,https://avatars.githubusercontent.com/u/8843442?v=3,32
jinntrance,https://avatars.githubusercontent.com/u/2414660?v=3,31
pfxuan,https://avatars.githubusercontent.com/u/2773827?v=3,29
swatDong,https://avatars.githubusercontent.com/u/7642967?v=3,29
miasantreble,https://avatars.githubusercontent.com/u/12212793?v=3,28
gilv,https://avatars.githubusercontent.com/u/6321715?v=3,24
SiyuanHe,https://avatars.githubusercontent.com/u/1242437?v=3,20
aarondav,https://avatars.githubusercontent.com/u/1400247?v=3,20
abhirajbutala,https://avatars.githubusercontent.com/u/3924515?v=3,19
ShaoshanLiu,https://avatars.githubusercontent.com/u/6655780?v=3,19
nicklan,https://avatars.githubusercontent.com/u/178912?v=3,17
eagletJane,https://avatars.githubusercontent.com/u/8565840?v=3,16
yuzhu,https://avatars.githubusercontent.com/u/736171?v=3,15
mubarak,https://avatars.githubusercontent.com/u/668134?v=3,15
aurnik,https://avatars1.githubusercontent.com/u/3023219?v=3&s=60,600
2haoyuan,https://avatars.githubusercontent.com/u/1200956?v=3,528
2calvinjia,https://avatars.githubusercontent.com/u/2223813?v=3,458
2apc999,https://avatars.githubusercontent.com/u/1413748?v=3,389
2uronce-cc,https://avatars.githubusercontent.com/u/3663941?v=3,380
2gpang,https://avatars.githubusercontent.com/u/429032?v=3,201
2shimingfei,https://avatars.githubusercontent.com/u/2638130?v=3,175
2hsaputra,https://avatars.githubusercontent.com/u/105434?v=3,129
2dcapwell,https://avatars.githubusercontent.com/u/1852601?v=3,124
2carsonwang,https://avatars.githubusercontent.com/u/9278199?v=3,84
2RongGu,https://avatars.githubusercontent.com/u/2420697?v=3,79
2rootfs,https://avatars.githubusercontent.com/u/7062400?v=3,66
2manugoyal,https://avatars.githubusercontent.com/u/628968?v=3,58
2rvesse,https://avatars.githubusercontent.com/u/2104864?v=3,56
2ooq,https://avatars.githubusercontent.com/u/5876435?v=3,53
2GraceH,https://avatars.githubusercontent.com/u/1960093?v=3,44
2Du-Li,https://avatars.githubusercontent.com/u/5401849?v=3,39
2Yours-shupeng,https://avatars.githubusercontent.com/u/8843442?v=3,32
2jinntrance,https://avatars.githubusercontent.com/u/2414660?v=3,31
2pfxuan,https://avatars.githubusercontent.com/u/2773827?v=3,29
2swatDong,https://avatars.githubusercontent.com/u/7642967?v=3,29
2miasantreble,https://avatars.githubusercontent.com/u/12212793?v=3,28
2gilv,https://avatars.githubusercontent.com/u/6321715?v=3,24
2SiyuanHe,https://avatars.githubusercontent.com/u/1242437?v=3,20
2aarondav,https://avatars.githubusercontent.com/u/1400247?v=3,20
2abhirajbutala,https://avatars.githubusercontent.com/u/3924515?v=3,19
2ShaoshanLiu,https://avatars.githubusercontent.com/u/6655780?v=3,19
2nicklan,https://avatars.githubusercontent.com/u/178912?v=3,17
2eagletJane,https://avatars.githubusercontent.com/u/8565840?v=3,16
2yuzhu,https://avatars.githubusercontent.com/u/736171?v=3,15
2mubarak,https://avatars.githubusercontent.com/u/668134?v=3,15
3haoyuan,https://avatars.githubusercontent.com/u/1200956?v=3,528
3calvinjia,https://avatars.githubusercontent.com/u/2223813?v=3,458
3apc999,https://avatars.githubusercontent.com/u/1413748?v=3,389
3uronce-cc,https://avatars.githubusercontent.com/u/3663941?v=3,380
3gpang,https://avatars.githubusercontent.com/u/429032?v=3,201
3shimingfei,https://avatars.githubusercontent.com/u/2638130?v=3,175
3hsaputra,https://avatars.githubusercontent.com/u/105434?v=3,129
3dcapwell,https://avatars.githubusercontent.com/u/1852601?v=3,124
3carsonwang,https://avatars.githubusercontent.com/u/9278199?v=3,84
3RongGu,https://avatars.githubusercontent.com/u/2420697?v=3,79
3rootfs,https://avatars.githubusercontent.com/u/7062400?v=3,66
3manugoyal,https://avatars.githubusercontent.com/u/628968?v=3,58
3rvesse,https://avatars.githubusercontent.com/u/2104864?v=3,56
3ooq,https://avatars.githubusercontent.com/u/5876435?v=3,53
3GraceH,https://avatars.githubusercontent.com/u/1960093?v=3,44
3Du-Li,https://avatars.githubusercontent.com/u/5401849?v=3,39
3Yours-shupeng,https://avatars.githubusercontent.com/u/8843442?v=3,32
3jinntrance,https://avatars.githubusercontent.com/u/2414660?v=3,31
3pfxuan,https://avatars.githubusercontent.com/u/2773827?v=3,29
3swatDong,https://avatars.githubusercontent.com/u/7642967?v=3,29
3miasantreble,https://avatars.githubusercontent.com/u/12212793?v=3,28
3gilv,https://avatars.githubusercontent.com/u/6321715?v=3,24
3SiyuanHe,https://avatars.githubusercontent.com/u/1242437?v=3,20
3aarondav,https://avatars.githubusercontent.com/u/1400247?v=3,20
3abhirajbutala,https://avatars.githubusercontent.com/u/3924515?v=3,19
3ShaoshanLiu,https://avatars.githubusercontent.com/u/6655780?v=3,19
3nicklan,https://avatars.githubusercontent.com/u/178912?v=3,17
3eagletJane,https://avatars.githubusercontent.com/u/8565840?v=3,16
3yuzhu,https://avatars.githubusercontent.com/u/736171?v=3,15
3mubarak,https://avatars.githubusercontent.com/u/668134?v=3,15
